author,score,subreddit,timestamp,title,text,year_month
coquetterie,1,SuicideWatch,2021-03-03 08:32:51,helplessness,almost painful admit helpless feel dont know would rude kill birthday mind go cycle thinking wow would pain family deal next thought oh whatever didnt ask born anyway im dead ill beyond feeling bad anyway frustrates fact dont gut give way course like coward fear death back possible chose method way backing id get quicker funny amount booze help though even completely drunk limit still back,2021-03
[deleted],2,lonely,2021-02-01 18:54:10,im starting think cant help,,2021-02
throwaway8373792,1,Anxiety,2020-12-09 09:04:18,lurker year posted another sub advice got called selfish multiple people,hi everyone earlier today posted uk specific sub seeking advice travelling pandemic im uk county next london seeking advice travelling london weekend birthday within government guideline looking stay hotel partner visit restaurant walk around enjoying christmas light etc planning using public transport visiting anywhere crowded shop live parent despite fact travelled plane go holiday september allowed sister visit weekend university theyve told dont want go london well initially said fine wasnt currently well get covid fault posted sub looking advice met house rule youre happy move selfish dont care parent health comment really unexpected hurtful decided go thats irrelevant im going lose money hotel booking also irrelevant im feeling really low anxious following comment post felt really insensitive advice move im working low wage job despite two degree im saving everything ive hardly left house year buy grocery etc feel like life cant afford live life feel even pandemic life one long waiting game feel low right kind word would go really long way,2020-12
bigbluemelons,3,Anxiety,2021-02-02 13:08:47,living alone,idea ill ever able survive outside house going thru anxiety episode last month feel like live away family ill extremely depressed wont able anything probably cant even dad cause mental problem maybe like exposure therapy get better year live house anyone else fear advice hope wrote clearly enough make sense,2021-02
Worried123h,1,Anxiety,2020-11-30 03:35:13,worried need help,eating cake soon saw mould started panic attack went get fresh air thinking poison ill dead soon cause ive seen series snake poison die second another one went upstairs get fresh air another one thinking disease started googling find there tumor cause panic attack kept googling stuff woke morning thinking clot brain another anxiety attack kept shaking since happening dizziness heavy head ear clogged shaky hand leg call twice said anxiety got eye test done eye sight good twice urgent care blood test done urine infection ct scan head think misdiagnosed ive got sr illness worried feeling arent going away nightmare deadly disease cant get head month still dizzy heavy head idek ct clear gave anti depressant pozola something dont wan na take cause ive probs got something sr worry asf,2020-11
DFSProdiogy,1,mentalhealth,2021-06-13 05:16:32,come join discord chat,come hangout u chat mental health sport card dfs sport betting love ya discordggbrxmzbv,2021-06
HistorianEffective10,1,SuicideWatch,2021-12-03 16:03:24,im tired,dont think anymore med helped making numb sort stable im never ending mixed state couple finally free volatility emotion think clearly see much isnt worth fuck wake everyday slave trying build future ill never like ill suddenly happy get thing want ill never happy accept fucking depression double edged sword realise everything meaningless pain sufferering idea death calm cant sleep night cu fucking panic attack asshole brain keep bringing trauma pas inability cry feel every ounce pain im like shell exterior cant process show emotion deep feel pain much sadly calming one thing thats given always true suffering pain everything else jsut temporary ampxb im even tired km dilemma leaving family burden im gone im hurting enough already fuck man want crawl ball imagine mum soothing voice tell okay slowly loose consiousness die never happen never come easy light end tunnel accept wish wasnt fuck,2021-12
DiscardableLikeMe,1,depression,2020-12-16 22:54:21,know better,dont even close know version let see version dont know suffering go day dont know scary claustrophobic panic attack hell dont even know dont know im tired tired lie life living person think know knew memory dont know nobody maybe even,2020-12
boredasfhelpp,1,depression,2020-12-25 05:57:34,reaching,ok im considering reaching help telling sister im depressed donf know opening really hard anyone advice,2020-12
yo_97,1,mentalhealth,2020-06-18 17:28:54,weird missing dad left yr old,never knew reason left im filled memory made happy never asked mom didnt want burden thought guess something ive wondering whole life mom remarried year later dont hate stepdad ive never seen dad even year still feel weird say word dad idk im going wanted express,2020-06
SportsMajor,1,lonely,2021-07-09 16:11:20,one day hope find relationship,turned recently past five year ive wanted relationship someone ive never able get relationship though know people interested whether said directly dropping subtle hint time truly think shared mutual interest someone else didnt talk definitely dropping subtle hint break ice make move scared make move overthought consequence fail two year ago though probably dont want anymore hope held pretty much died stopped viewing ig story quickly daily still run time time hoping find relationship eventually fact blew chance make potentially happen two year ago still haunt,2021-07
National-Chair-9259,1,SuicideWatch,2021-03-30 13:09:35,never ending cycle,every day wake anticipation next anxiety attack anxiety make feel nauseated like im going throw make anxious hate throwing feel like never get break started medication today make want throw even cant stand feeling wish could free suffering thing keeping alive thought girlfriend cry losing feel like im losing sight well dont want keep going road,2021-03
sIeepybby,1,lonely,2021-09-20 12:34:10,feel like im losing mind,,2021-09
Goddess_Ash,0,lonely,2019-03-03 10:28:22,online girlfriend hire,hiya want online girlfriend entail mostly chatting text messaging facebook official birthday phone call even occasionally playing mobilepc game together option give idea one time deal continuing service rough day want chat wont ghost im cool plus anonymous want anyone welcome sextingnudesphone sex offered share photo though may send meme would droid youre looking im bot yes im real female life breathes world want verification issue sending voice recording saying whatever choose payment price varies mostly duration extent payment method circle pay venmo google pay amp paypal ash,2019-03
HopefulJade,1,Anxiety,2019-09-06 06:58:06,im getting anxious birthday,im turning sunday anxiety steadily growing whole week dont know im achieving posting feel like need let ive never cared birthday age went lot mental struggle past couple year ranging breaking someone loved jobless even suicide attempt ive trying keep control life get better think im reminded past life suck also think im going alone birthday dont many friend begin one im close dont seem available hang im even sure im going day doctor appointment tomorrow im dreading he helpful past heart doesnt seem want calm either im overwhelmed moment none distraction helping,2019-09
Xzander3112,1,SuicideWatch,2020-09-25 03:27:22,damn im becoming suicidal,im spirallin feeling helplessness worthlessness itw gotten worse past day nothin worry bout happens pick soonits cycle week start good mid period strt driftin bleak hoplessess ending leg syart cravin suicideim rd phase atmi pick next daysi wanted get chestthats,2020-09
Linconnue__,1,Anxiety,2021-04-04 11:56:00,worst memory unfolding front eye cant anything,hey everyone im panicking right ugly time reason past unfolding inside mind screaming abrasively memory extreme abuse haunting cant stop please somebody comfort,2021-04
Any-Fuel-6474,0,mentalhealth,2021-12-08 17:10:31,entire support system depressed,ive never subreddit reddit much im sure right place post im going try anyway im freshman high school one tenorso friend doesnt depression addition mutual acquaintance sortof friend group people also depressed lately sister best friend person go im struggling seemed lot time mention thing im stressed say thing like cant deal right im stressed talk feel guilty talking seems much worse place dont sort relationship friend id tell something personal talk feeling dont know go talk issue year ago start pandemic id never known anyone aware depressed sort trauma anxiety dont know anyone isnt stay positive everything going world sign even possible depressed depression default im sort fluke fact everyone know age depressed sign world getting bleaker every generation always case never realized enivitable ill go depression point life answer advice appreciated,2021-12
throw_away_01101,1,mentalhealth,2021-05-23 05:39:50,idk im going chip however want,alright partner year permanently apart cheated multiple time got recently tried overdosing amp proceeded blame amp proceeded say fault caring enough im diagnosed bipolar depression ocd anxiety ptsd crap deal made sure safe family amp havent seen spoken week yet still sit around cry worrying wether okay still despite unbelievable degree toxicity take valium amp quetiapine although neither seem anything dont see psychiatrist another week amp every day feel painfully long draining im lovely person amp apart sleep alone friend text didnt let friend old one hate amp every new one try make ignores doesnt want anything none hang quit gym mma training decided get tinder week ago paid premium swiped like around girl guess local within km got match destroyed self confidence could go endlessly dont plan want kill wish could press button amp magically disappear constant intrusive thought worthless get much dont work family take care however im starting degree radiology month suppose thats something look forward idk probably wont get reply made far thank listening random teen rant,2021-05
ghostiic,1,SuicideWatch,2019-08-13 12:00:55,hate much want hurt kill,im pretty sure ptsd intense extremely realistic flashback raped sexually abused child cant anymore feel dirty disgusting im ashamed cant even write go beyond actual abuse genuinely hate think im bad person want slit wrist right,2019-08
LopsidedLabrador,1,mentalhealth,2022-05-27 03:41:14,shut,hi new poster bringing colleague office think high functioning autistic cant get tone wording right highly perfectionist insecure desperately want liked people start push around take mickey passing crappy job never used stand try polite even best friend work say sound snappy like im trying cause argument completely shut take nice keep peace im saddened people starting seem irritated around want quit job sorry lame post,2022-05
Siansian010,1,SuicideWatch,2019-11-15 09:32:35,suicidal thought time high week hopefully die tonight,feel like fucking psychopath emotion im sick husband child deserve better anyways im helping serve area homeless shelter tonight pretty bad area violence isnt uncommon hope someone take gun get shot die im much coward dont want anyone else get physical hurt someone could shoot fatally would superb here hoping,2019-11
Whatnow1290,1,lonely,2020-10-16 03:26:02,im going end life today,today day year making there help get there relief feel there joy pain much longer say hope communicated love remorse parent suicide note well enough goodbye,2020-10
emilyfromvenus,1,SuicideWatch,2021-04-22 05:24:48,ive finished second day retail,make less half american dollar hour bos told couldnt give less shit im standard tomorrow he enough mom think scare tactic roughen first job im absolutely dreadful genuinely expected ever happy im guaranteed life misery kissing as even half dollar got back work feel exhausted,2021-04
TrentonConnector,1,depression,2019-09-02 07:30:24,art career might dying cradle dont know else ill,im artist largescale drawing unlike many others bachelor fine art got career started straight university amazing luck allowed fulltime artist two year even art award thought set main source income art grant one applied year rejected way make money patreon caters erotic interest recently started imploding well earnings razor thin paying bill im danger making enough pay everything also started happening immediately trip japan money spent really stressful think know cliche artist uncertain future thats keep ill get real job may well kill trajectory artist know others dont make incredibly hard keep career artist youre anchored job im really scared right needed vent sorry come across entitled sounding like stereotypical millennial liberal art degree getting dose reality,2019-09
gamerbruh1102,1,Anxiety,2021-10-08 16:26:21,anyone ever beat forgetting take med,remembered missed dose zoloft day got last week bad side effect prozac ever since realized missed day ive super hard angry since good taking last one actually worked month im back square one apparently disciplined,2021-10
jorlynfame,1,mentalhealth,2021-06-03 22:07:30,hi looking someone talk someone want somefun sc moriellafame,,2021-06
Antogonissimus,1,depression,2020-09-26 10:49:15,gay year old feel lonely,feel often lonely friend people think nice never number one list relationship ten year secret ended last year met guy last year well autistic cruel treated met guy wanted meet none wanted relationship sad tired unouted problematic feel lonely time anyone feeling,2020-09
userisntimportant,1,SuicideWatch,2021-05-27 09:38:01,someone want talk random stuff,want scape mind,2021-05
Complete_Breakfast94,1,SuicideWatch,2021-09-16 07:25:41,okay im killing today,killing today lot fun given even everyone made feel like shit nothing im sorry though apologize others shouldve nicer im sorry others never saw struggle im sorry let next life fruitful,2021-09
alicedanslalune,2,Anxiety,2019-07-16 08:52:03,nervous wreck flying soon,first time posting think right place somewhat accomplished year old woman traveling alone foreign country week last stop journey go home first time ive truly nervous anxious feeling like im freaking see im going meet friend recently became friend thousand reason relationship would complicated best impossible worst day together go back home nervous couldnt sleep last night spent whole day edge one point jumped shower head previously closed let one last drop head ive calm remind good time someone love mind playing trick somehow im focused bad come future pain separation u guess rant desperate attempt someone maybe relating thanks reading,2019-07
Priuses-are-Turtles,32,depression,2019-08-21 12:48:54,whats point living im gon na die someday anyway go mind right voice keep repeating progress life going thrown window sooner later text continued text post,voice inside tell reason live happen one thing ill die life nothing contemplate whether shorten existence longer take space world whatever whoever take spot life progress far get life thatll get thrown window voice tell word sort go school make friend eat anything doesnt matter ill die nothing mattered dying right would shorten pain going every day damn life though dont kill dont know,2019-08
Nugsandrugs,1,mentalhealth,2021-06-03 12:27:45,cant keep job cant,mental illness social amp generalized anxiety major depression amp ptsd worked job time im day week worked job lasted month idk good ill wake feeling amp call work anxiety bad called least week quit dont show current job almost month ive called time one excused note dont want go tomorrow probably talk shit hope dont keep coming back like worked factory job degree heat month extremely hard labor job work day hour shift food place cant even show half time im hard as worker work work ethic awful mental illness factor suck quit find new job try idk always good week fall back goal oriented ambitious cant even work hour shit job make end meet always going roller coaster productive sack shit doesnt leave bed week really go away get better,2021-06
wrappedupinemotion,1,Anxiety,2020-08-11 00:07:02,step curb morning anxiety,hey everyone want use post resource people help morning anxiety ask question daytoday bit easier im college student reason extending past covid ive developed numerous symptom anxiety month morning waking dreadful im stressed nauseous day go feel better mentally spent first half day minimal food drink transition fatigue tiredness step ive taken help cbd pill stay moving take walk youre worried heartrate higher intensity workout better youll feel dont overdo express challenge verbally friend family people life knew going issue felt reassured theyd support needed basic stuff weve read like healthy amount sleep screen time good diet mindfulness hope youre similar issue one tip help else next week start dream internship company ive following year workplace extremely fastpaced highstakes wouldnt normally issue something sought previous anxiety lately since issue stagnant went doctor prescription lexapro havent noticed difference yet told take month im worried ill stressed function internship next week dont think lexapro kicked im taking one day time current relatively stressfree job tough imagining situation im completely unaffected next week solution could try make sure handle start job correctly,2020-08
Almostsinking2,1,depression,2020-05-24 05:22:20,anyone friend want friend,hi male sport still student studying health field yeah life suck,2020-05
locustraam,1,Anxiety,2021-04-27 22:52:18,anxiety make feel physical pain,keep getting headache ive extra anxious lately feel like im sick dont know whats wrong anyone see please respond even dont know thank,2021-04
JoshiePoo88,1,depression,2019-07-21 16:53:26,,im lost im pretty sure im depressed dont know get funk first physical last year year liver kidney sugar level checked good ampxb use considered best best company everything since felt like dive deep hole havent recovered ampxb feel like lost groove back time took promotion correct troubled retail store assistant manager everything try improve led result stayed year put district manager weekly failed result eventually left sale job furniture job everything felt like personal attack looking today customer im looking kind response put im really motivated positivity engagement eventually got terminated failing sell hr worked moved overnight stocking job kroger ampxb time kroger hugely successful couldnt find trust move even number one region grocery sale eventually quit went back job came back assistant manager immediately moved around three different store within six month due restructuring eventually applied store manager district manager ripped personality feel explained professionally three attempt ive given ampxb year took demotion position im superb thinking would revive joy working everyday impacted asshole customer meeting goal time also started business automotive detailing love get make people appreciate vehicle soon go back old job hate everyday going back retail dreadful little engagement much drama cant motivate anyone ampxb detailing business love funk hanging keeping moving many question move back colorado correct life stay arizona pursue business make good choice going back retail pay debt wont leave job keep pouring ruining sleep ampxb ive lost contact keeping friend much effort dealing retail work calling parent chore everything im confident confiding emotional well want cry sleep night thinking ill get next day ampxb bring doctor antidepressant work real life,2019-07
Brown_Suga_yt,1,mentalhealth,2021-02-12 06:04:10,thing escape reality,remember year old wishing could drive one day im use escape route whenever thing get control many people listening music zoning friend mine active drug user asked take pill told escape misery realityi dont condone drug use certainly relate dependency drug ease pain whenever feel anxious future start taking hour long shower blast sad playlist bluetooth speaker friend high school used take sleeping pill said dont sleep im tired sleep escape reality want know thing get choppy feel like control never life touched alcohol drug im mature understand people get high escape reality make feel like moment youre different dimension problem disappeared escape reality youtube channel mental health self care first video called mental health teenager teenager check help,2021-02
Casual-cryptid,1,Anxiety,2020-10-24 14:50:00,feel like burden,neither family afford therapy medication anxiety cant even afford regular doctor let alone one sits try make less batshit crazy here thing definitely need therapy med something good place mentally dont know much longer always think im dying someone else gon na die wrong thing somethings gon na happen everyone tired hearing fuck im tired hearing want ok,2020-10
NoahGreenup47,1,SuicideWatch,2019-12-27 18:20:04,angry suicidal thought,really dont wan na post dont want ask anyone life friend anyone else get really angry suicidal thought sad one angry insense hateful one ive way got intense angry got fired job gotten really intense like there voice screaming top lung fck right fcking dont actually hear voice thats feel like body tense hand ball fist ear shut cant hear anything look happening face look like im explode get furious dont know anymore every time ask someone irl theyll tell stop stupid screw picture death various way usually involves bridge stand edge bridge look get scared cant hell dont want die dont know whats going one angry suicidal thought,2019-12
noomaster,1,Anxiety,2021-03-17 21:40:45,people reddit moment realisation hit life going wrong quite lot aspect extremely low confidence keep motivated grind,recently going phase feel like almost every aspect life going bonkers certain moment feel extremely helpless low confidence remembering fact tried improve situation kind failed pull even spent hour feeling like trash nothing thus seeking suggestion fellow redditors cope moment weakness resilient,2021-03
jake-A1,1,depression,2020-12-23 02:41:29,let depression stop relationship,like girl like first couple week everything great past day ive one worst dip happiness borderline suicidal dont want leave house im dreading christmas dont want family seeing like girl dont know handle get like feel guilty taking age text back confronts say sleeping something stupid manic swing mood happen time know going get better dont know would morally correct get serious relationship girl knowing could week end dont want see,2020-12
zRandomGuy,1,Anxiety,2019-05-30 13:21:45,go mechanic tomorrow,tomorrow morning going mechanic freaking dont know whats wrong car dont want get scammed seem like idiot im probably thinking dont want spend money im idiot also bad cant ignore either feel like every mechanic get day im definitely nervous hell go tomorrow,2019-05
noy1244,1,Anxiety,2021-09-12 06:56:16,health anxiety productivity,hi guy first post im health anxiety past year everything feel body whether normal worst thing world every night im afraid wake blind morning die severe health condition bot enough im ocd linked cleaning obsession germofobia im starting cbt treatment soon im difficult time focusing work studying live alone cant sit min straight im starting feel thing body eye throat etc im wondering people similar difficulty mine dealing study best tip fall asleep night without awake hour thinking googling medical condition much love everyone,2021-09
needrantspace,1,SuicideWatch,2021-02-15 16:56:18,falling fucking hole,many fucking time felt shit human fucking shitty creature havent felt anything past year fucking grey tf able act like normal fucking person around others im alone im fucking train wreck dont even find satisfaction cutting pain anymore want die hell id fucking hire someone kill,2021-02
anon-pickle,1,mentalhealth,2020-08-31 12:36:50,serious question,im freshman explain anyone asks put simply need break everything almost feel like suicide valid option im telling im stressed clarity official diagnosis severe depression anxiety dont know word feel like cant right feel like ive tried every medication disorder nothing worked hour therapy nothing helped question ridiculous feel like staying mental hospital allow time mot rest evaluated professionally,2020-08
No-Introduction7326,1,SuicideWatch,2021-09-26 15:58:03,safely hurt,used able make throw really easily helped channel self hate urge hurt stopped couple month ago felt little better today really wanted stab leg tried redirect energy make throw didnt work well difficult feel bad safely hurt,2021-09
Alexanderkalashnikov,1,SuicideWatch,2020-01-25 12:29:58,,wan na die cuz life hard didnt chose exist want die month turn life doesnt get better,2020-01
_dead_goon_,1,depression,2019-01-25 11:08:58,nonentity,another fucking whining session fuck literally one spill gut one zero friend girlfriend id never open family eighteen im eighteen done life fuck ive always type left behind ever since school appalling grade shambolic work ethic irritating nonchalance attitude towards everything due ive fucked life beyond repair yet pas driving test pathetic ive taken four time every time lovely familiar fail nice reminded stupidity cost well right fucking drain never seen unemployed addition everything else year except brief stint night porter month back sent deeper ocean despair quit im sure im lazy depressed im lost im beginning think latter dont get wrong rather depressed depressed melancholic vagabond wondering one deadend job another poetry make heart hurt ive never felt lost unloved useless cant even cry shit feel id love though least feel something tried dating apps month ago managed get result mean im attractive guy im good shape groom wash religiously make effort hair clothing habit course cant imagine going day without thing wouldnt want seen didnt im rather vein way thats good quality im honest take care educate mental healthy obviously quite id like still anxiety issue thats something ive learnt control digress tried dating apps matched girl thing looking promising finally got date name thats important nice name actually shared name ex hint u state well famous dictator birthplace lovely name lovely age live fairly close one another adored gothpunk style found immensely attractive found immensely attractive music taste poetry everything cringey wont argue truth arranged meet cafe chatted good two half hour various topic like think went well minor faux paus end nice talked history impressed knowledge impressed music much common tv liked twin peak obscure british comedy film load common really fond still made laugh time stayed extra hour couldnt stop talking ex didnt compare quite honestly didnt click like cafe december afternoon continuous rain shower followed scent petrichor made almost ethereal get bus leave cafe walk station say goodbye stupidly say dopey safe walk like fuckwit completely oblivious done head home mid way think fuck didnt hug even say enjoyed fuck asked wanted well surprise moron two day later deletes fucking bumble account form communication thats fucking life made mistake perfect sense dont think ill connect another person like wonder hate however found facebook shared mutual friend messaged week later couldnt stop thinking wanted answer know chance message hey stupid fuckwit went date last saturday sorry im ignorant noticed deleted account interested surprise answer nothing fucking thing great thats option shes gone unless well told work sunday im fucking creepy miss though hate told liked wouldnt rut id somewhat happy want feel loved cant stand lonely every weekend go cousin football match life town match held pray bump thats sad fuck typing depressing hell tried tinder got match day deleted none girl also dont want hook mean im sexually frustrated idea fucking someone emotional connection pet peeve mine empty sad using eachother ive done got used fucked bit felt like man whore relationship like sex duh kissing cuddling emotional connection matter anyway thats waffling done could make living self loathing saying pathetic one day maybe,2019-01
jakker12,1,mentalhealth,2021-03-14 13:24:21,feel nothing dont know,im depressed dont want die ive realized havent really felt anything past two month nothing funny nothing make sad got internship really wanted didnt feel anything got news would normally make panic try fix dont feel anything time around friend purposefully left dont feel sad im confused feel anything used inflated ego low self esteem weird normal wack,2021-03
Which_Pickle1364,1,SuicideWatch,2020-08-13 17:41:27,best tip ever cure depression,matter earn moneypay bill buy one way ticket remote place tell wifefamilybosskidsfriends fuck research find remote place mountain safe wild animal near river stream chop tree build hut near top mountain animal come time spend hunting rabbit squirrel boiling water etc sleep whenever want long want luckily get time thought bring journal novel live like huckleberry finn uncle without misery suffered assure really happy reason animal suicidal depressed shitbags ashamed human wont go tell b story people around u say often feel sense bliss feeling best sex good feel time done stuff like go backpacking around world month straight sometimes earn money book resort near remote beach sit beach read novelspoetry watch film room day hunt fish fun let go try pluck coconut dayi come rich family also done quite similar writing considering average joe doeant matter depressed debt family etc nothing matter dont criticize go grid try thank ampxb dd pooiii,2020-08
luisathebuda,1,Anxiety,2022-07-11 12:08:57,anxiety anxiety,ever since remember always lot trouble falling asleep specifically overthinker dont drink type caffeine sleep usually deal trouble falling asleep even thought tried medication always feeling oh could worse necessary already know part embrace sometimes good bad day last two week however miserable first time anxiety symptom really scared didnt even knew anxious begin started like lump throat itchiness felt throat getting swollen closed stopped air simply breathe felt like going die since every time go bed try sleep lump throat start doesnt evolve like two week ago feeling oh god starting making completely drained emotionally fall asleep every night thinking im going die want know really normal anxiety symptom something wrong like allergy dont ducking know anyone felt yes idea stop seems im getting scared symptom make feel like im going crazy please help,2022-07
RepresentativeRip121,1,mentalhealth,2020-07-30 05:05:59,impact covid mental health,,2020-07
Cadamoxya,1,mentalhealth,2020-08-20 19:18:12,im scared better,ive depression almost decade since ish came year bullying weight general quiet weird mannerism since managed okayish high school girlfriend friend still dealt lot anxiety self image issue etc got adulthood single long time went university got really bad loneliness especially ive got medication gym membership ive got job still girlfriend good circle friend including woman think im making good progress still lonely generally getting life together feeling okay thats scare sad fat weirdo many year become strong part feel get better dont like happy im scared feel okay dont know feel like think holding back honest dont know anyone similar experience want talk,2020-08
kliggah,1,lonely,2022-04-13 08:10:03,wish someone talk everyone know busy,im lying bed wishing friend available talk feeling quite aswell im talking,2022-04
NoctANOTHERCAT,1,mentalhealth,2022-01-01 11:35:24,hate anything resembling,hate anything resembling hate seeing thing mental health hate people look like hate people talk like trace disappear,2022-01
tofu1mo,1,SuicideWatch,2022-04-14 21:05:26,selfish,selfish kill paying parent back theyve given even selfish kill knowing devastate family would love hear opinion,2022-04
the_off_camera_few,1,mentalhealth,2020-08-05 15:17:48,dont feel safe feel trapped,dont feel safe anymore even room im actually hiding bed right haha anywhere one nowhere nothing feel trapped inside head quite literally keep hearing family walking around im getting anxious worrying theyre gon na walk mom want talk nothing sound worse right wan na left alone bad know isnt always best anything else sound like torture sorta wish one cared right know thats selfish dont want talk anyone dont want anyone think exhausting wan na curl alone hole haha feel like im eating inside even terrifying feeling dont know fix dont think even dont feel safe feel trapped dead inside apologize isnt right format right sub feel free remove mod advice comfort relating welcome need something comfort maybe also help work,2020-08
yahyasworld,1,Anxiety,2021-04-27 20:38:31,social anxiety,hey everyone im yahya ive joined reddit social ive noticed social anxiety goddamn roof havent social life ive judging lot also made develop nasty stutter anyone help giving advice talk people online well talk people real world anything help,2021-04
Readyforbed90,1,Anxiety,2020-12-13 15:35:21,panic attack,im hospital nasty respiratory infection ive admitted last couple week ive laying around much felt like crap started fear blood clot leg tonight put thing leg massage prevent blood clot already one laying around past couple week going cause blood clot come loose break away,2020-12
Its_Haleeyy,1,Anxiety,2022-06-29 09:11:54,took mg hydroxizine hour half take mg cbd gummy,ive trying cbd gunny last day anxiety noticed sort work greatest little bit prescription hydroxizine got last year rarely take occasionally doesnt really work honestly dont know still try atarax say take one per day needed anxiety past ive usually taken two sometimes three barely work know shouldnt take prescribed thats dumb anyways took mg cbd gummy earlier evening hour half later took two hydroxizine gummy wasnt working know stupid idea im anxious feel drowsy normal hydroxizine usually make drowsy im overthinking taking feeling anxious im laying bed pajama im cuddled blanket stuffed animal trying relax ive issue sleeping lately gon na take cbd gummies sleep hour im sure probably isnt great idea kind hoping maybe since im drowsy med maybe cbd work tonight im tired anxious im,2022-06
69FramesPerSec,1,mentalhealth,2020-07-07 17:25:39,,,2020-07
zech147,3,mentalhealth,2019-03-05 15:25:38,saw someone true self today incredible,adolescent open feeling unimaginable easy chalk many feeling teenage angst feel must deep rooted issue attachment belonging scary see someways show well teenager hiding vulnerability feeling put past experience mine context,2019-03
throwaway36478647128,1,SuicideWatch,2021-05-08 22:58:42,failed attempt,fail everything including suicide fucking fair want die,2021-05
Steffiethegreat,1,lonely,2021-05-02 13:55:43,would anyone like chat,would like company,2021-05
Unknown_Lawrence,1,mentalhealth,2021-12-12 13:51:53,older sister friend said would rape could made fun height body god feel fucking awful,older sister friend tall especially girl ft tall sister came today another girl tomboy workout lot tell lift shes also one rowdy loud type girl alone talked bit arm wrestled beat called weak guy also fucking told later girly fat as warned careful try stay jail else ill every inmate cum dumpster laughing speechless could believe anyone would say especially damn woman left jokingly said could easily overpower way wanted since shes much stronger taller grabbed as dont know say think even tell top low self esteem issue confidence also struggle depression mental health issue seemed surreal really hurt pride ego even doubt anyone believe even take seriously also struggle talking girl still virgin always wanted attention woman attract part feel like enjoyed weird encounter touching didnt whole situation filled many thought especially comment weak small know probably joking including rape still god feel wan na die exactly sure asking wan na hear want advice situation low self esteem,2021-12
Gottchen,1,Anxiety,2021-01-13 06:46:54,taurine depression amp social anxiety,anyone experience using taurine reducing symptom depression social anxiety especially social anxiety main source depression much take often effect feel like help anything else legal help social anxiety,2021-01
FaultExcellent899,1,mentalhealth,2021-01-18 07:01:21,people loud,upstairs neighbour affected mental health since day huge obnoxious person zero self awareness throw thing floor morning sound like someone dropping bowling ball ceiling startle awake every single day dont sleep bedroom anxiety son watching football screaming tv hear hitting thing honestly thought someone attacked begged stop dropping thing floor every morning clue im talking look like im insane people talk everything shouted even laugh volume normal human hear every single word phone call day work home listen inane work call im losing mind dont get people need like would sell heartbeat first property im tied year,2021-01
leadfighter3,1,depression,2019-09-25 17:58:25,useless,life pretty useless friend gf job honestly dont know anymore everyone leaf anyway,2019-09
ImpossibleCabinet348,1,SuicideWatch,2021-11-23 19:59:30,girlfriend want commit suicide dont know,logged reddit ask advice problem girlfriend want commit suicide dont know weve mostly happy relationship year month suicidal thought month moved toxic house parent right living older sister older brother even toxic house also trying take greek exam exam break even mentally strong student addition suffers extreme problem weight appearance talking therapist recently psychiatrist prescripted medication diagnosed clinical depression lack serotonin important tried kill two week ago thankfully failed sister called name doesnt live cant seem find way saving life family doesnt know extent situation two friend gotten point even minute absence text lead think tried thing calm attempt promised would never try live life thinking rescinding promise please please beg help love concerned old,2021-11
Sleeoybear75,1,Anxiety,2019-09-24 09:55:28,decided finally make therapy appointment today,suffered anxiety whole life used call worrier know worrying isnt healthy growing worried time ruminated constantly whether grade would good enough would sick family member get better would happen next mom die suddenly trip grocery store etc etc etc gave stomach ache know trigger family life probably sparked large amount stress almost always wound continued adult life social worker worried constantly whether client safe okay handle situation correctly say wrong thing could improved something terrible happens one piece paper go court get questioned make wrong decision etc etc etc point know worry normal probably healthy caused critical thinking selfreflection could never get work mind affected relationship loved one affected wellbeing find another job even though loved one well couldnt put stop worrying wasnt healthy health insurance didnt cover mental health service got job receptionist id mild social anxiety past skyrocketed job much less stressful worried social situation became crippling worried sensitive topic discussed responded wrong way would perceived wrong way developed anxiety sensitive topic blushed came causing terrible cycle social anxiety eventually worked able overcome health insurance didnt cover mental health service finally got dream job absolutely love im passionate work im helping build new program area provides real help support people need well great team small social anxiety attack beginning thought able work today strong anxiety reaction big meeting room full professional felt defeated disappointed made lunch break called husband shared burden first time cried car much relief power sharing made appointment therapist next week deal shit really deal face head call take whole life ive willing deal discomfort letting anxiety baseline feel much control im willing give work im able best give best deserve anxiety im willing give best family anxiety im willing give peace life know fuck anxiety anyway health insurance cover mental health service shit given anyone else going know together youve got deserve peace good life see side,2019-09
chip_on_my_shoulder,1,SuicideWatch,2021-11-25 08:43:20,two option run away different country die,saved money literally know get job firstworld country cant live like country tired thirdworldness bachelor engineering genuinely dumb low iq person,2021-11
LunarPhonix,1,Anxiety,2021-09-15 19:21:22,university panic,ive nervous going uni day get closer first day campus im becoming increasingly confident im going cease function arrival last course made quit induction session microsoft team today asked everyone turn camera mics panicked quit haha great,2021-09
droppedspagetti,1,depression,2021-10-04 07:12:44,sure ptsd hurt,lost first son month old freak accident seeing toy everything left room alive one painful feeling anyhow fast forward two kid failed relationship mom fought hard get custody win give due work visit consist every weekend great time cherish every moment time go there problem feeling lost first child leave see toy playing paralyzes pain come try best avoid distracting thereevery two week leave heart torn apart scar repeatedly ripped open hurt bad,2021-10
sh8wol,1,Anxiety,2021-11-26 03:17:12,every time reach yellowlevels anxiety get worst indigestion hate much,wow need burp kind im talking running bathroom im trying shit fucking embarrassing feel free laugh recently listening something john green mentioned lot show hed feel overwhelming need throw nip actually many time got anxious like ive never heard symptom anxiety particularly validating listen indigestion symptomhaver shitting variety like give whole new meaning shitting cry throwing meme like wtf time dont even go feel pressure build sit toilet maybe cry little time yay funn honestly find funny point like anyone advice go ahead tell pls anyone relates hope made feel like youre alone dont relate lucky bastard,2021-11
dafausaing,1,mentalhealth,2022-05-03 06:55:29,lost meaning motivation life dont know,hello feel like needed vent somewhere dont know hell past year two ive slowly losing contact people losing job interest motivation function human going see doctor feeling doubt even mentalhealth problem thats ruining life anyone feeling feel like fault happening laziness finally caught havent felt happy long time mostly either neutral angry althoe lately sadness althoe rare suicidal thought dont think ill ever able function society useful human,2022-05
TayWoodz,1,Anxiety,2020-10-16 23:38:02,cant control thought last week matter hard try,really draining week smoked bad strain marijuana sunday every day week ive seen vision people life aging dying paranoia put constant state nonstop panic attack day ive never cant sleep straight night feel helpless,2020-10
prairiekittycat,1,Anxiety,2020-07-10 19:32:43,hey,hello hope okay need moment get chest dont want bother anyone inner circle anymore dont know start need little help advice please nothing worry nothing happy life im really lucky aware thing head living hell almost every day thinking saying horrible thing dont even understand shit fucking head worst enemy every moment anything happens situation soon there voice head tell awful thing related recently discovered nothing really bother nothing really hurt stress much last month ive trying control thought try eliminate part dont like learned least think cant throw away something live kind made peace need control say hey like continue day thought enjoying day overwhelmed stuff come back kind go away talk spend time people love sometimes even head start say shit like joke awful hurt must apologize wrong dont cry stupid also happens thing occurred hour day month even year ago come back head freaking reason downward spiral madness often leaf cry bedroom get home sometimes even front people feel head burn brain itch obviously good dont want go back psychologist psychiatrist used go take pill panic attack made improvement treatment im afraid going back influence awful drug messed every possible way talk psychologist wouldnt help lot sometimes would money drain well advice get along thing want share way dealing ill really appreciate reading hope nice day,2020-07
dansiepansie,1,Anxiety,2022-04-25 22:00:36,talk people postal bank,want ship book friend question considering shipping price talk someone counter would dialogue like beginning havent postal bank since year dont know greet phrase question want ask,2022-04
fugglyfrog,1,SuicideWatch,2021-08-15 18:37:09,life feel heartless,thing seem keep going wrong feel uncared people im scared try actually anything leave though feel much hate contempt choice body habit life failure family dont know im posting many vent online feel like pest,2021-08
EinfachPik,1,SuicideWatch,2020-05-29 23:14:04,felt lonely tried kill,wrote something similar hour ago deleted didnt wrote correctly minute tried around alone home since alone mother left go sister really said bad thing hav severe depression anxiety ptsd felt bad pm cried literally mental breakdown went kitchen took paracetamol took one package pill knew would kill around minute later realized done tried commit succeeded felt bad im scared someday might kill also struggle depression around year suicidal thought since tried kill failed slowly got better since life got worse since end suicidal thought get worse whole life literally breaking apart thats wanted say dont know long something stupid,2020-05
AntBusiness4871,1,lonely,2021-05-10 04:40:11,hey im im lonely prefer talking girl prefer talking voice chat,want know please ask dm,2021-05
Agreeable_Cut8044,1,mentalhealth,2020-12-10 06:54:16,toughen life hate sensitive practical tip please,hello everyone feel like best platform post feel please throw practical tip tougher life hate hate sensitive sensitivity isnt kind easily cry opposite way tend keep thing bottled people surrounded dont listen say genuinely feel like there one around empathize way main reason posing something happened today snowed first time today first snowfall year love snow looking window open boyfriend yelled opening window making room cold didnt leave window open minute wanted feel little joy life like snowfall anyway got argument little bit said overly sensitive cry baby make teared could someone yell like insane person feeling life little joy minute wondering sensitive dont like feeling overly sensitive want stop dont want sensitive anymore desperately need practical tip toughen life stop looking joy snow stop getting upset yelled,2020-12
happypenguin156,1,depression,2021-12-22 08:20:55,feeling hopeless lost,wife left trying work thing one last time im feeling hopeless im depressed ever broke month sobriety turned drinking drug numb pain suck wake everyday lose lose battle life every morning every night thats thats ramble,2021-12
mostadont,1,Anxiety,2019-12-29 10:06:28,success story battle anxiety,suspect sub rarely see people overcame anxiety flock positive sub nevertheless im interested know anyone success story share inspire guide u struggle really supressed emotion felt towards situation key get rid might complete victory situational solution helped handling stressful moment welcome share,2019-12
PM_ME_THING_IMDEAD,1,lonely,2019-01-30 14:13:19,another year another birthday,cant believe fast everything going st birthday dont feel adult one remembered like every year try helpful nice everyone get return honestly dont know much longer take anymore,2019-01
SolSeptime,1,lonely,2020-11-15 17:10:35,cant stop already,hate ive stupid feeling hate looking couple people friend public tired hearing get better wont stop telling unable socialize usually get rejected replaced really fast developed self harming thought last year need pinch let know stop carving impossible thing sure human social creature cant take instead fake every single time wouldnt please help get need away,2020-11
bgmx524,2,lonely,2019-03-19 22:59:37,like,ever since moved away old state ive always lonely pissing knowing never real friend middle half high school junior still real friend really dont know whats wrong might reason ive never girlfriend driving insane really tired sitting house weekend nothing,2019-03
Suicidal_Court,1,depression,2020-12-03 11:07:36,struggling,,2020-12
Lazy_Sprinkles8568,1,SuicideWatch,2022-08-05 23:42:26,want ask people come help,,2022-08
Kingoclock,1,Anxiety,2021-08-27 21:59:21,need someone bad rn,someone pls talk need,2021-08
Legitimate-Land-4366,1,mentalhealth,2022-07-27 08:05:38,,diagnosed bpd diagnosis think important mention question kicked dbt tried multiple different program hospital multiple time getting better recently burned lit incense dont know felt deserved feel pain home dont want wake dont want go hospital bc committed cant keep feeling way something telling im late dont feel belong universe im home dont think meant believe another timeline possibly destroyed trying find way go back doesnt involve exiting life cant tell psychiatrist im therapy one belief think delusion proof isnt timeline people like also know one talk tho bc one want get locked away,2022-07
OverloadedRift,1,depression,2020-04-21 01:40:06,ive tried getting help,diagnosed severe depression ptsd ive tried right thing people said try get better emdr offshoot like brainspotting seeing therapist month far hypnotherapy trying find new hobby general bull people tell wait itll get better im ive gone story little previous post short version married someone trusted immediately cheated threatened life multiple time caught ability trust completely broken frequent panic attack fear life still even though im safer place growing hatred everyone especially people trusted take side protect every treatment ive tried far feel like minor distraction issue friend coworkers dont understand whats wrong saw go healthy happy welladjusted human absolute shell nearly overnight closest physical equivalent would throat torn desperately trying explain people im struggling breathe eat drink look nod say yeah man got believe youre good guy itll soon ive stopped telling people im okay theyre happy carry normal life without bothered god forbid bring someone vibe youve tried getting help youre getting worse,2020-04
WorthlessLoner2004,1,SuicideWatch,2022-08-15 14:33:48,chat,,2022-08
iconic_ironic_trash,1,depression,2020-01-26 18:51:18,motivation due extreme depression,okay kind difficult write feel embarrassed depression bad clean room look mess feel even depressed know something thats easy people feel shitty also know tackle thing one one lot easier moment feel silly give stuff like make feel even shitty want able thing like laziness feel demotivated anything clean let stupid depression much control,2020-01
Annabruv,1,SuicideWatch,2021-04-02 06:27:45,go back time,handle failure point im living fantasy world reimagine scenario everything right without screwing open eye realize ugly reality im living,2021-04
peculiarities,1,Anxiety,2022-03-21 12:32:46,sometimes feel like nonanxious people cant understand like unable function properly time,would describe someone pretty high functioning term living moderate anxiety although certain triggering situation become completely debilitating huge obstacle making progress life wednesday job interview nauseated anxious even thinking minute long think whether ill straight panic attack interview im absolutely dreading inability speak think straight line remember anything breathe properly feeling totally disoriented im trying manifest reality body reacts situation year working life never come close conquering wonderful partner nearly year never really seen anxiety get bad guess ive really good avoiding situation trigger shes sympathetic encourages prepare clear fundamentally doesnt know like debilitated situation point panic attack tried explain think prep ill able speak without issue doesnt work like prep get far half time ill get sentence descend panic anxious thinking wednesday ive barely made progress prep anyway although ill try best next couple day sorry rant isnt meaningful post guess im desperate people understand horrible feel anxious know youre basically setting potential panic attack audience hope find courage get,2022-03
anxietyhedgehog,1,Anxiety,2022-06-11 10:49:44,shortness breath talking,day heavy chest feeling air isnt coming suck lose breath mid sentence feel like im always going pas anyone else,2022-06
notsohdc,1,SuicideWatch,2021-10-22 01:28:52,im done tw,idk anymore cant fucking handle longer hard im tired know im waste space oxygen cant deal struggling anymore feel like ive done absolutely everything yet im still dumb unworthy bitch shouldve aborted cant,2021-10
No_Philosophy_5149,1,depression,2020-11-09 00:29:41,pro con trying normal c killing,trying normal take year minimum instruction progress bar guaranteed work fucked brain womb always pretending people formative knowledge experience missed killing know exactly take poison work within minute guaranteed cause sleep death wont pretending,2020-11
